species,dbh,condition,width,radius,ndvi_count,ndvi_mean,ndvi_median,ndvi_stdev,ndvi_min,ndvi_max,ndvi_range,file
PSME,10,Poor,20.011340914695307,10.006,3,0.518143574396769,0.499570399522781,0.0304873698255298,0.493733018636703,0.561127305030823,0.0673942863941193,street
PSME,9.8,Poor,19.764857412240083,9.882,3,0.50265575448672,0.482377707958221,0.0326097833232962,0.476924210786819,0.548665344715118,0.071741133928299,street
PSME,10,Fair,20.011340914695307,10.006,2,0.336344435811043,0.336344435811043,0.0082802027463913,0.328064233064651,0.344624638557434,0.0165604054927826,street
PSME,15.9,Poor,26.89369478420504,13.447,6,0.46840301156044,0.480015590786934,0.0481513936567328,0.395728200674057,0.525420725345612,0.129692524671555,street
PSME,11.5,Poor,21.831746909973205,10.916,4,0.417375981807709,0.395726725459099,0.0660026870400102,0.352582365274429,0.525468111038208,0.172885745763779,street
PSME,35,Fair,44.72701429452936,22.364,15,0.459108169873556,0.455632835626602,0.071474809285527,0.349798649549484,0.568988800048828,0.219190150499344,street
THPL,35.7,Fair,36.84979551717649,18.425,11,0.311657053503123,0.314605593681335,0.0346985559220789,0.248036131262779,0.36814296245575,0.12010683119297,street
THPL,4.400000000000001,Fair,11.686244558178634,5.843,1.08839241288301,0.427797109543469,0.427112460136414,0.0340319973453449,0.406576424837112,0.491303384304047,0.0847269594669342,street
PSME,27.1,Fair,38.08526564895167,19.043,12,0.464843447009722,0.472980260848999,0.056069229589493,0.36691826581955,0.538945555686951,0.172027289867401,street
THPL,6,Fair,13.813574327838005,6.907,1.5208719323262,0.536114468092471,0.536631256341934,0.024725283533365,0.491829454898834,0.557657182216644,0.0658277273178101,street
ACMA,25,Fair,47.29805567736041,23.649,18,0.566571298572752,0.588960856199265,0.0740154000033387,0.399874776601791,0.641448140144348,0.241573363542557,street
ACMA,10,Fair,28.122026440440095,14.061,6,0.56792143980662,0.571523904800415,0.0192189210280843,0.543287754058838,0.590039193630219,0.0467514395713806,street
ACMA,8,Fair,25.237588269915257,12.619,6,0.531059051553408,0.532524734735489,0.0278299087309703,0.48045352101326,0.562939167022705,0.0824856460094452,street
ACMA,11.3,Poor,29.958058644380564,14.979,8,0.506667699664831,0.516900241374969,0.059065930834653,0.391091644763947,0.584042608737946,0.192950963973999,street
ACMA,3.5,Fair,18.492352996732475,9.246,2.7253451510289,0.336499413117475,0.329286366701126,0.0729288081508399,0.235259220004082,0.447034597396851,0.211775377392769,street
ACPL,8.1,Good,24.248544627204367,12.124,5,0.501865458488464,0.52158796787262,0.0276924967186161,0.459474444389343,0.526494681835175,0.0670202374458313,street
PSME,33,Fair,43.131535670802506,21.566,14,0.411582793508257,0.412346914410591,0.0460850442060191,0.331516355276108,0.477073282003403,0.145556926727295,street
ACPL,8.1,Fair,24.248544627204367,12.124,4,0.337175816297531,0.336066201329231,0.0199873231210016,0.310464769601822,0.36610609292984,0.0556413233280182,street
PSME,13.2,Fair,23.835766476694744,11.918,4,0.432537525892258,0.43313492834568,0.0175004296111693,0.411741644144058,0.452138602733612,0.0403969585895538,street
PSME,16.3,Fair,27.334034453776656,13.667,4,0.356602132320404,0.355991035699844,0.0221586679647092,0.325973778963089,0.388452678918839,0.0624788999557495,street
PSME,30.8,Good,41.31121091937374,20.656,13,0.379935649725107,0.366834163665771,0.0311621742917451,0.332776427268982,0.431339204311371,0.0985627770423889,street
PSME,20.4,Fair,31.666621286918485,15.833,8,0.435092002153397,0.440296053886414,0.0447059329153395,0.36095979809761,0.497797071933746,0.136837273836136,street
PSME,32,Fair,42.31280894941308,21.156,14,0.423250790153231,0.437702193856239,0.0772443574513248,0.29199555516243,0.514141857624054,0.222146302461624,street
THPL,7.9,Fair,16.17188876211188,8.086,2,0.334753856062889,0.334753856062889,0.0232081264257431,0.311545729637146,0.357961982488632,0.0464162528514862,street
THPL,14.4,Fair,23.00959794092485,11.505,4,0.429593548178673,0.427579551935196,0.0142164617459702,0.411758065223694,0.451457023620605,0.0396989583969116,street
THPL,15,Good,23.555198142610983,11.778,4,0.409939736127853,0.417413294315338,0.0208515824613913,0.374959379434586,0.429972976446152,0.0550135970115662,street
ACMA,21,Fair,42.63265081153033,21.316,16,0.466658763587475,0.463774755597115,0.0553443828047351,0.336170107126236,0.550711512565613,0.214541405439377,street
ACMA,28.5,Fair,51.09234068209473,25.546,22,0.480513777245175,0.504083961248398,0.0745822318885706,0.298116266727448,0.576169848442078,0.27805358171463,street
ACMA,6.6,Fair,23.176319092508596,11.588,4,0.522564187645912,0.524527549743652,0.0258465772309521,0.485199987888336,0.556001663208008,0.0708016753196716,street
ACMA,25.9,Fair,48.2998823506899,24.15,16,0.518066512420774,0.528927057981491,0.0399167472144491,0.423049002885818,0.576169848442078,0.153120845556259,street
ACMA,22.1,Fair,43.94976527712316,21.975,17,0.483493380686816,0.492663711309433,0.0552003881010926,0.356912702322006,0.557374477386475,0.200461775064468,street
ACMA,11,Poor,29.53711395631995,14.769,7,0.367830531937735,0.373900860548019,0.0347234166004611,0.310170710086823,0.407801330089569,0.0976306200027466,street
PSME,22.4,Good,33.66516131530116,16.833,8,0.327562734484673,0.329726219177246,0.0453148132986065,0.244362324476242,0.383689671754837,0.139327347278595,street
PSME,16.5,Poor,27.55300000477188,13.777,7,0.47547915152141,0.458745062351227,0.0457460819069739,0.421916872262955,0.544108688831329,0.122191816568375,street
ACMA,24.4,Fair,46.62026838545589,23.31,18,0.465678292844031,0.476632237434387,0.0768988838026902,0.334747016429901,0.576169848442078,0.241422832012177,street
ACMA,17.7,Fair,38.53045108383768,19.265,12,0.459397308528423,0.468249782919884,0.0426193066747605,0.364591926336288,0.52185595035553,0.157264024019241,street
PSME,38.2,Fair,47.169483375911376,23.585,18,0.426336747076776,0.427648782730103,0.0380021110195349,0.348220735788345,0.477316975593567,0.129096239805222,street
ACPL,12.9,Fair,33.82260452916016,16.911,9,0.265508199731509,0.293321669101715,0.0560819916555192,0.184172138571739,0.341605663299561,0.157433524727821,street
ACMA,10.8,Fair,29.25556242843898,14.628,8,0.545384753495455,0.565963685512543,0.0603232077813289,0.428168535232544,0.609089076519012,0.180920541286469,street
ACMA,44.7,Poor,64.83364212647042,32.417,34,0.414941352518166,0.421122416853905,0.0966340003927003,0.236035287380219,0.556149542331696,0.320114254951477,street
ACMA,10.8,Fair,29.25556242843898,14.628,8,0.398781780153513,0.404510229825974,0.0862390289034059,0.25715559720993,0.524075448513031,0.266919851303101,street
ACMA,19.7,Fair,41.043381517112216,20.522,13,0.50331700535921,0.502303123474121,0.0137038951119079,0.481160879135132,0.53603732585907,0.054876446723938,street
ACPL,3.7,Fair,14.79138007066878,7.396,2,0.327440202236176,0.327440202236176,0.0116625130176544,0.315777689218521,0.33910271525383,0.0233250260353088,street
ACPL,23,Fair,50.608250939496905,25.304,21,0.538850030728749,0.553886771202087,0.0487789604686619,0.441969156265259,0.620734751224518,0.178765594959259,street
THPL,9.1,Fair,17.572180666094386,8.786,2,0.475510627031326,0.475510627031326,0.0106847882270813,0.464825838804245,0.486195415258408,0.0213695764541626,street
THPL,24,Fair,30.38134238605605,15.191,7,0.403660799775805,0.39568293094635,0.0637001640508895,0.277052521705627,0.476649731397629,0.199597209692001,street
ACMA,33.3,Fair,55.83817748723878,27.919,26,0.478400386296786,0.496776938438416,0.0881627153262364,0.292862325906754,0.586614906787872,0.293752580881119,street
THPL,10,Poor,18.57914830686499,9.29,2,0.326283887028694,0.326283887028694,0.0244758874177933,0.301807999610901,0.350759774446487,0.0489517748355865,street
ACPL,9.2,Good,26.517447985864926,13.259,5,0.544293576478958,0.558029353618622,0.0502257251379098,0.454111963510513,0.597914159297943,0.14380219578743,street
PSME,30.3,Good,40.887584430598054,20.444,12,0.409279877940814,0.417121887207031,0.0399918096796694,0.325071960687637,0.460194259881973,0.135122299194336,street
PSME,27.1,Fair,38.08526564895167,19.043,10,0.422745680809021,0.444152534008026,0.0609319906480058,0.308094710111618,0.505714774131775,0.197620064020157,street
PSME,11,Poor,21.230442744108288,10.615,3,0.466984887917836,0.486491680145264,0.0521234257594545,0.395669400691986,0.51879358291626,0.123124182224274,street
PSME,27,Fair,37.99507951583954,18.998,10,0.427829080820084,0.42565256357193,0.0250684944115799,0.383224874734879,0.465323567390442,0.0820986926555634,street
PSME,38.4,Fair,47.31784796824274,23.659,18,0.415683761239052,0.417799398303032,0.0509340173110016,0.320051491260529,0.486064255237579,0.166012763977051,street
PSME,32.3,Fair,42.559929683337074,21.28,14,0.362189718655178,0.364553987979889,0.0398621589656933,0.266649425029755,0.413149744272232,0.146500319242477,street
ACPL,8.800000000000002,Poor,25.69721408664017,12.849,5,0.233650919795036,0.224071949720383,0.0368978528705757,0.192771539092064,0.300835639238358,0.108064100146294,street
ACMA,18,Fair,38.91257277908315,19.456,13,0.554424959879655,0.550319075584412,0.046460703701231,0.482298493385315,0.628652572631836,0.146354079246521,street
ACPL,17.9,Fair,42.77289651215864,21.386,14,0.498558593647821,0.503188282251358,0.026226433810486,0.449841231107712,0.540599644184113,0.0907584130764008,street
ACPL,17.7,Fair,42.437549301906294,21.219,15,0.482309617598852,0.48657238483429,0.0814351179280989,0.337729841470718,0.599822700023651,0.262092858552933,street
THPL,31.9,Fair,34.90934572321366,17.455,9,0.417778707212872,0.420567214488983,0.0468330741878564,0.337236911058426,0.47736456990242,0.140127658843994,street
PSME,18.7,Fair,29.909508637585738,14.955,6,0.360155448317528,0.365753799676895,0.017793823623515,0.322025626897812,0.375314712524414,0.0532890856266022,street
THPL,29.7,Fair,33.73582141637572,16.868,9,0.455027686225043,0.457791894674301,0.0164442292213894,0.422140181064606,0.477003484964371,0.054863303899765,street
THPL,17.8,Fair,25.93568986821833,12.968,6,0.477036759257317,0.475937828421593,0.00898918561082304,0.464034676551819,0.490120202302933,0.0260855257511139,street
PSME,26.5,Fair,37.54170523234074,18.771,11,0.382059858603911,0.386495620012283,0.0558343407141132,0.299862384796143,0.454633802175522,0.154771417379379,street
ACPL,15.6,Fair,38.79865404830763,19.399,12,0.272278148680925,0.265760853886604,0.0860861161763995,0.152422994375229,0.410786598920822,0.258363604545593,street
ACPL,21.4,Fair,48.30434807279373,24.152,18,0.461590730481678,0.465193271636963,0.0562575124392793,0.356198132038116,0.538053750991821,0.181855618953705,street
THPL,16.6,Fair,24.9477390979641,12.474,5,0.563048923015595,0.566127181053162,0.00788141293389762,0.551766753196716,0.571267545223236,0.0195007920265198,street
THPL,6.9,Fair,14.952781612221864,7.476,2,0.470163211226463,0.470163211226463,0.0011860579252243,0.468977153301239,0.471349269151688,0.00237211585044861,street
THPL,25,Fair,31.01142517054799,15.506,8,0.510410968214273,0.503382205963135,0.0197986128794846,0.482842445373535,0.537868678569794,0.0550262331962585,street
ACMA,3.7,Fair,18.799416722999016,9.4,2,0.430131077766418,0.430131077766418,0.0204898416996002,0.409641236066818,0.450620919466019,0.0409796833992004,street
ACPL,11.2,Fair,30.53171352685567,15.266,7,0.471540182828903,0.470024138689041,0.0479920967328367,0.406322151422501,0.547024071216583,0.140701919794083,street
ACMA,20,Fair,41.413251566485016,20.707,14,0.589389072997229,0.586277306079865,0.0171869188920456,0.556813061237335,0.617416620254517,0.0606035590171814,street
ACPL,29.2,Poor,58.04799914351031,29.024,29,0.592783516850965,0.624409794807434,0.0675816182338185,0.40243536233902,0.662103354930878,0.259667992591858,street
ACMA,13.3,Fair,32.721470064323306,16.361,8,0.431083537638187,0.441407412290573,0.0375174800192403,0.371821999549866,0.472076922655106,0.10025492310523999,street
ACPL,30.4,Poor,59.19195152349909,29.596,29,0.514395421948926,0.522948682308197,0.0410255591372874,0.405317097902298,0.566630959510803,0.161313861608505,street
THPL,30,Good,33.89889331882891,16.949,9,0.589770873387655,0.587710320949554,0.0217604310728272,0.557104170322418,0.624932527542114,0.067828357219696,street
ACPL,10.9,Fair,29.9391126608008,14.97,7,0.498936695711953,0.50290060043335,0.0328076052051476,0.460755527019501,0.545584797859192,0.0848292708396912,street
THPL,33.1,Good,35.53108221828035,17.766,10,0.530874153971672,0.538933783769608,0.0182665914236908,0.491138607263565,0.551550984382629,0.0604123771190643,street
ACPL,4.9,Good,17.426441646931966,8.713,2,0.209062844514847,0.209062844514847,0.04522705078125,0.163835793733597,0.254289895296097,0.0904541015625,street
ACPL,28.7,Fair,57.541637430605874,28.771,24,0.587251525372267,0.607821553945541,0.0626875345515072,0.422329843044281,0.64407765865325906,0.221747815608978,street
PSME,40.2,Good,48.6315282840983,24.316,19,0.455284956254457,0.457859814167023,0.0535161051375979,0.354081958532333,0.540661931037903,0.186579972505569,street
ACPL,9.5,Fair,27.128923168866713,13.564,6,0.490273877978325,0.489026084542274,0.034801827232598,0.440987795591354,0.550285160541534,0.10929736495018,street
ACPL,6.2,Fair,20.23559654621565,10.118,4,0.384455278515816,0.384108647704124,0.0392018475177345,0.344338178634644,0.42526564002037,0.0809274613857269,street
THPL,23.9,Fair,30.317187778280495,15.159,7,0.302233798163278,0.303915858268738,0.0233068669403361,0.271408796310425,0.343501210212708,0.0720924139022827,street
ACPL,18.1,Fair,43.10623638485133,21.553,14,0.43171203987939,0.437188491225243,0.0453970398278484,0.345382660627365,0.496617078781128,0.151234418153763,street
ACMA,4.7,Fair,20.324751082652945,10.162,4,0.328822150826454,0.330219611525536,0.0204797596350506,0.300063997507095,0.35478538274765,0.0547213852405548,street
ACMA,7.3,Fair,24.211237948130066,12.106,5,0.451823139190674,0.446588039398193,0.00874072180219779,0.444675862789154,0.467837870121002,0.0231620073318481,street
ACPL,38.9,Poor,64.17277611144958,32.086,34,0.527682931984172,0.528538763523102,0.0279843950198244,0.465361386537552,0.581895411014557,0.116534024477005,street
ACPL,16.3,Fair,40.03506319441612,20.018,14,0.439022098268781,0.440467804670334,0.100310099764687,0.280970513820648,0.590453326702118,0.30948281288147,street
ACPL,6.1,Fair,20.021269658135125,10.011,2,0.43115571141243,0.43115571141243,0.00967031717300415,0.421485394239426,0.440826028585434,0.0193406343460083,street
THPL,13.6,Fair,22.261366382207633,11.131,4,0.514818400144577,0.51937589049339306,0.0211171967648895,0.4837287068367,0.536793112754822,0.0530644059181213,street
THPL,12.1,Fair,20.791753123740893,10.396,4,0.496159069240093,0.499322891235352,0.0281926416960767,0.453381031751633,0.532609462738037,0.0792284309864044,street
THPL,12.7,Poor,21.390284415677012,10.695,4,0.318772003054619,0.319468647241592,0.0191882803400341,0.294369965791702,0.341780751943588,0.047410786151886,street
THPL,10,Fair,18.57914830686499,9.29,3,0.455788920323054,0.452475816011429,0.0227746872092997,0.429700255393982,0.485190689563751,0.0554904341697693,street
THPL,10,Fair,18.57914830686499,9.29,2,0.384880200028419,0.384880200028419,0.0250857323408127,0.359794467687607,0.409965932369232,0.0501714646816254,street
THPL,7,Fair,15.076878987094704,7.538,2,0.381716057658195,0.381716057658195,0.0323496907949448,0.349366366863251,0.41406574845314,0.0646993815898895,street
THPL,9,Fair,17.458036812783835,8.729,2,0.346093237400055,0.346093237400055,0.0032731294631958,0.342820107936859,0.349366366863251,0.0065462589263916,street
ACPL,6.9,Fair,21.727342934606437,10.864,4,0.276728138327599,0.271604806184769,0.0175888891104743,0.260666966438293,0.303035974502563,0.04236900806427,street
ACPL,4.2,Fair,15.89402225008272,7.947,2,0.346316605806351,0.346316605806351,0.0164558887481689,0.329860717058182,0.36277249455452,0.0329117774963379,street
ACMA,21.1,Poor,42.753441833633794,21.377,14,0.420990190335682,0.436321556568146,0.0649124263862404,0.286839455366135,0.503093302249908,0.216253846883774,street
ACPL,25.7,Fair,56.5,28.25,24,0.542954937865337,0.550194978713989,0.0300152193965157,0.484650880098343,0.587885022163391,0.103234142065048,park
ACPL,22.5,Fair,47,23.5,17,0.491889206802144,0.490497648715973,0.0346258851181336,0.421312123537064,0.539573013782501,0.118260890245438,park
ACPL,22.4,Fair,45,22.5,16,0.55992173589766,0.564396411180496,0.0360253698415277,0.476885110139847,0.604775369167328,0.127890259027481,park
ACPL,22,Fair,44.5,22.25,16,0.559071937575936,0.574473142623901,0.0438099372535535,0.454425364732742,0.604775369167328,0.150350004434586,park
ACPL,6,Fair,23,11.5,4,0.315373376011848,0.308410972356796,0.0241678381114505,0.28991773724556,0.354753822088242,0.0648360848426819,park
PSME,15.1,Fair,22,11,3,0.512630224227905,0.510338246822357,0.00384625206077365,0.50950413942337,0.518048286437988,0.00854414701461792,park
ACPL,18.1,Fair,45.5,22.75,16,0.604130860418081,0.607603490352631,0.0156460963130201,0.575123369693756,0.632190406322479,0.0570670366287231,park
ACPL,24.1,Fair,51,25.5,21,0.536302472863879,0.547763109207153,0.0284986866705436,0.4747254550457,0.577495634555817,0.102770179510117,park
THPL,40.8,Fair,46.5,23.25,17,0.513938342823702,0.513808369636536,0.0292814776793338,0.466759741306305,0.566119849681854,0.0993601083755493,park
ACPL,38.5,Good,67,33.5,37,0.553220278507954,0.571247339248657,0.0545030980718574,0.391426682472229,0.616122245788574,0.224695563316345,park
ACPL,27.1,Fair,61,30.5,29,0.574071740281993,0.576977789402008,0.0267448920098929,0.516705870628357,0.617699861526489,0.100993990898132,park
PSME,29.8,Poor,49.5,24.75,21,0.515434005430767,0.513347089290619,0.00991118093425707,0.496610373258591,0.542349457740784,0.045739084482193,park
THPL,16.4,Fair,20.5,10.25,3,0.531054099400838,0.529654264450073,0.00577837712601225,0.524781584739685,0.538726449012756,0.0139448642730713,park
PSME,25.8,Fair,41.5,20.75,15,0.423095273971558,0.426752656698227,0.0497163782152285,0.334075629711151,0.493972808122635,0.159897178411484,park
PSME,52.2,Fair,55,27.5,24,0.460122526933749,0.456204652786255,0.0291662999899034,0.41016012430191,0.505938470363617,0.0957783460617065,park
THPL,6.9,Fair,14,7,1.56207021395228,0.439382849835002,0.408670902252197,0.0432842063457038,0.366773158311844,0.4721320271492,0.105358868837357,park
ACPL,22.8,Fair,55.5,27.75,26,0.604835416261966,0.625689923763275,0.0456527985864442,0.519158005714417,0.654562771320343,0.135404765605927,park
ACPL,22,Fair,57,28.5,24,0.635783545672894,0.635721355676651,0.0129998704657868,0.608875453472137,0.659860491752625,0.0509850382804871,park
THPL,41.1,Fair,48.5,24.25,18,0.488828735219108,0.488017201423645,0.021393350492213,0.44262358546257,0.523153424263,0.0805298388004303,park
ACPL,3.2,Fair,15,7.5,2,0.553840726613998,0.553840726613998,0.00487640500068665,0.548964321613312,0.558717131614685,0.00975281000137329,park
ACPL,15,Fair,37.5,18.75,9,0.525044593546126,0.53840297460556,0.0410740906481288,0.439595282077789,0.574730157852173,0.135134875774384,park
PSME,19.8,Fair,22,11,4,0.4982745423913,0.499555036425591,0.016671932209631,0.478538393974304,0.515449702739716,0.0369113087654114,park
THPL,24,Fair,23.5,11.75,4,0.515042677521706,0.514933049678802,0.0100227944568658,0.502092599868774,0.528212010860443,0.0261194109916687,park
ACPL,19.9,Fair,44.5,22.25,16,0.477674290537834,0.483057752251625,0.0390345636189991,0.395017504692078,0.523120284080505,0.128102779388428,park
ACPL,17.1,Fair,37.5,18.75,12,0.507266243298849,0.524615496397018,0.0434376456080435,0.427846789360046,0.555214703083038,0.127367913722992,park
THPL,27.7,Fair,28.5,14.25,6,0.393513431151708,0.388537526130676,0.0413629741133212,0.332617580890656,0.461132735013962,0.128515154123306,park
ACPL,23,Fair,54,27,21,0.617405749502636,0.621977865695953,0.0240172305005986,0.559539020061493,0.650894224643707,0.0913552045822144,park
ACPL,26.9,Fair,54.5,27.25,25,0.599754731655121,0.606917500495911,0.0305756422814063,0.528366565704346,0.652456164360046,0.124089598655701,park
ACPL,24.7,Fair,51,25.5,21,0.572398277975264,0.582431554794312,0.0319414254968116,0.498392313718796,0.607251942157745,0.10885962843895,park
THPL,21.8,Fair,29.5,14.75,7,0.526142563138689,0.520961821079254,0.00836980755440849,0.51774275302887,0.541401207447052,0.0236584544181824,park
ACPL,26.8,Fair,54.5,27.25,24,0.550479933619499,0.559514403343201,0.0380133907499165,0.471573859453201,0.602993130683899,0.131419271230698,park
ACMA,35,Fair,59,29.5,28,0.539659158459732,0.542530387639999,0.0256710874060394,0.49629482626915,0.579739689826965,0.0834448635578156,park
ACMA,21.5,Fair,51.5,25.75,20,0.584123441576958,0.588470727205276,0.0208924176040518,0.544451951980591,0.614204883575439,0.0697529315948486,park
PSME,24.4,Fair,34,17,9,0.531925135188632,0.537148416042328,0.00926126662712406,0.517126977443695,0.54194176197052,0.024814784526825,park
ACMA,54.3,Poor,56.5,28.25,26,0.485900306930909,0.491790160536766,0.0336451534546357,0.42169663310051,0.533745944499969,0.11204931139946,park
PSME,32,Fair,45,22.5,17,0.480240592185189,0.474683672189713,0.0184276062123383,0.453709036111832,0.513287723064423,0.0595786869525909,park
ACMA,42.1,Fair,57.5,28.75,26,0.462125804561835,0.459832757711411,0.0218249794042903,0.419969499111176,0.520076215267181,0.100106716156006,park
ACMA,33.2,Fair,52,26,22,0.560680405660109,0.565844267606735,0.0191071621433823,0.523121416568756,0.595049321651459,0.0719279050827026,park
ACMA,21.3,Fair,54.5,27.25,25,0.525282447338104,0.52546751499176,0.0095650546181095,0.509730577468872,0.547834753990173,0.0381041765213013,park
ACMA,15.9,Fair,33,16.5,12,0.525670717159907,0.522603720426559,0.00957195170279488,0.514730334281921,0.544868648052216,0.0301383137702942,park
ACMA,17.8,Fair,37.5,18.75,12,0.522043744723002,0.522976338863373,0.00913817958063903,0.507322013378143,0.536430180072784,0.0291081666946411,park
ACMA,28.9,Fair,60.5,30.25,29,0.563446967766203,0.56463885307312,0.0149203876123984,0.534288883209229,0.589174449443817,0.0548855662345886,park
PSME,27.9,Fair,32.5,16.25,8,0.545208543539047,0.545299500226974,0.00493709785782638,0.535466551780701,0.551569819450378,0.0161032676696777,park
ACMA,29,Fair,57,28.5,25,0.512547458410263,0.51170152425766,0.011901385349658,0.485995709896088,0.536449015140533,0.0504533052444458,park
PSME,24.7,Fair,46,23,17,0.52008038408616,0.520919442176819,0.0115378457432939,0.497396945953369,0.536738395690918,0.0393414497375488,park
THPL,13.6,Fair,26,13,6,0.516723747054736,0.520407944917679,0.0118049327944663,0.499470263719559,0.528845429420471,0.0293751657009125,park
THPL,23.2,Fair,31.5,15.75,8,0.462590355426073,0.458337813615799,0.0196551456251231,0.439097762107849,0.50005179643631,0.0609540343284607,park
THPL,10,Good,22,11,3,0.450181990861893,0.451570510864258,0.00928688758340995,0.438177406787872,0.460798054933548,0.0226206481456757,park
THPL,34.4,Fair,42,21,15,0.408921321233114,0.39423480629921,0.0713235082076385,0.284400373697281,0.505540549755096,0.221140176057816,park
PSME,44.2,Good,47,23.5,18,0.53424402905835,0.536256462335587,0.0203964211300326,0.493351578712463,0.566081821918488,0.0727302432060242,park
ACPL,23.7,Good,65,32.5,34,0.583783275940839,0.582893848419189,0.0248990174084723,0.519062340259552,0.626174092292786,0.107111752033234,park
THPL,16.5,Fair,28,14,7,0.491137359823499,0.495008438825607,0.0240000331031571,0.448435842990875,0.531605541706085,0.08316969871521,park
PSME,25.2,Fair,42.5,21.25,16,0.594676580280066,0.59811332821846,0.0214347388599693,0.555568993091583,0.622272253036499,0.0667032599449158,park
THPL,41.3,Fair,35.5,17.75,12,0.592658072710037,0.589060366153717,0.0364777576991579,0.52423506975174,0.647297084331512,0.123062014579773,park
THPL,21.8,Fair,32.5,16.25,8,0.541960850358009,0.538349956274033,0.0353166268480238,0.475021362304688,0.586767137050629,0.111745774745941,park
PSME,36.7,Fair,45,22.5,17,0.488843628588845,0.488790839910507,0.0316393099058495,0.440747022628784,0.533543825149536,0.092796802520752,park
PSME,36.8,Fair,45,22.5,16,0.475056979805231,0.480633065104485,0.02811291114419,0.411788702011108,0.514142453670502,0.102353751659393,park
ACPL,21,Fair,55.5,27.75,25,0.546186656951904,0.544199287891388,0.0230347548833592,0.509697914123535,0.587289214134216,0.0775913000106812,park
ACMA,9,Good,33,16.5,9,0.391217261552811,0.394734710454941,0.0126660396617998,0.374912917613983,0.412459313869476,0.0375463962554932,park
PSME,39.5,Fair,62,31,31,0.536449653487052,0.541195392608643,0.023972521551533,0.478519409894943,0.576561868190765,0.0980424582958221,park
ACPL,35.8,Fair,77,38.5,49,0.569744187958386,0.590644061565399,0.0625380193549308,0.391757518053055,0.632515132427216,0.240757614374161,park
PSME,32.9,Fair,51.5,25.75,22,0.503637838092717,0.517531782388687,0.042059363397645,0.390870213508606,0.543707609176636,0.15283739566803,park
ACMA,41,Fair,65.5,32.75,32,0.584097428247333,0.585251659154892,0.018368146269493,0.535791993141174,0.6117023229599,0.0759103298187256,park
PSME,35.3,Fair,41.5,20.75,14,0.504612401127815,0.504036009311676,0.0148397267689445,0.474061161279678,0.527116179466248,0.0530550181865692,park
PSME,24.3,Fair,34.5,17.25,12,0.546376660466194,0.543879091739655,0.0101378495334652,0.530643284320831,0.569872140884399,0.0392288565635681,park
ACMA,46.7,Fair,63,31.5,30,0.600637763738632,0.602353036403656,0.0191143032580996,0.549726188182831,0.630003988742828,0.0802778005599976,park
THPL,37.2,Fair,39,19.5,11,0.448394160379063,0.461776733398438,0.0404354218372184,0.356961727142334,0.489310085773468,0.132348358631134,park
THPL,33.7,Fair,37,18.5,13,0.4729510981303,0.483123928308487,0.0306094022838573,0.40349143743515,0.518561244010925,0.115069806575775,park
ACMA,21.7,Fair,47.5,23.75,18,0.548455049594243,0.553599148988724,0.0445180673369056,0.473592698574066,0.615338027477264,0.141745328903198,park
ACMA,39.1,Fair,80.5,40.25,52,0.545734875477277,0.550667017698288,0.0489116292454189,0.438337862491608,0.627120196819305,0.188782334327698,park
PSME,37.1,Fair,34.5,17.25,9,0.513598081138399,0.51336944103241,0.0214642270176295,0.4803706407547,0.545812010765076,0.065441370010376,park
PSME,34,Fair,37,18.5,10,0.527238184213638,0.524911761283875,0.00751408817683162,0.513160526752472,0.539266049861908,0.026105523109436,park
PSME,22.3,Fair,28,14,7,0.512520496334348,0.51771867275238,0.0121662232617217,0.487730771303177,0.525703191757202,0.0379724204540253,park
PSME,28,Fair,43.5,21.75,16,0.53797547146678,0.540775448083878,0.0161478772816706,0.501364767551422,0.558969140052795,0.0576043725013733,park
PSME,34,Fair,42.5,21.25,14,0.53449855531965,0.53506726026535,0.0116285216557483,0.511589586734772,0.558430671691895,0.0468410849571228,park
THPL,5,Fair,22,11,4,0.450328342616558,0.447710260748863,0.00792681723486662,0.443189918994904,0.462702929973602,0.0195130109786987,park
THPL,12.5,Fair,24,12,5,0.627729415893555,0.627447485923767,0.0115839107039848,0.60809600353241,0.639482259750366,0.0313862562179565,park
THPL,11.7,Fair,21,10.5,3,0.601481219132741,0.605571925640106,0.00763973795240094,0.590775728225708,0.60809600353241,0.0173202753067017,park
ACMA,22.9,Fair,42,21,14,0.510886271085058,0.512370765209198,0.0535156632937698,0.406478077173233,0.583233952522278,0.176755875349045,park
THPL,11.3,Fair,22.5,11.25,4,0.621037647128105,0.62111222743988,0.00567087869248223,0.615214884281158,0.626711249351501,0.011496365070343,park
ACMA,22.5,Fair,44,22,16,0.624278929084539,0.628990650177002,0.0177968850413194,0.583449006080627,0.648165583610535,0.0647165775299072,park
ACMA,13.4,Good,26.5,13.25,6,0.594943443934123,0.596624970436096,0.0307170094788695,0.550187349319458,0.633764386177063,0.083577036857605,park
ACPL,4.5,Poor,10.5,5.25,0.878664495427006,0.29656455761572,0.296727359294891,0.00304814840736742,0.292717128992081,0.30017626285553,0.0074591338634491,park
ACMA,24,Fair,38,19,11,0.50156106190248,0.503214001655579,0.0139020037115587,0.479093074798584,0.521919071674347,0.0428259968757629,park
ACMA,24.3,Fair,36.5,18.25,11,0.525518135590987,0.527535915374756,0.0056557372850079,0.512636721134186,0.532433807849884,0.0197970867156982,park
PSME,21.4,Fair,29.5,14.75,7,0.544797454561506,0.54663622379303,0.00300722422745955,0.539305090904236,0.547712743282318,0.00840765237808228,park
PSME,24.4,Fair,29.5,14.75,7,0.546229830810002,0.546974360942841,0.00630987618479896,0.535009682178497,0.553025424480438,0.0180157423019409,park
ACMA,16,Poor,14,7,2,0.527049154043198,0.527049154043198,0.00219354033470154,0.524855613708496,0.529242694377899,0.00438708066940308,park
THPL,50,Fair,41.5,20.75,15,0.415694443384806,0.41833570599556,0.0196606508478223,0.380356997251511,0.448814868927002,0.0684578716754913,park
PSME,15.8,Fair,34,17,9,0.504243582487106,0.504989683628082,0.00857609511835983,0.486825555562973,0.514615297317505,0.0277897417545319,park
ACMA,30,Poor,38.5,19.25,12,0.515702505906423,0.518370687961578,0.0310105864627138,0.462383955717087,0.554611086845398,0.0922271311283112,park
THPL,4.5,Good,11,5.5,2,0.307940304279327,0.307940304279327,0.0287486910820007,0.279191613197327,0.336688995361328,0.0574973821640015,park
ACMA,24,Poor,27,13.5,4,0.526002749800682,0.521787047386169,0.0143387482047092,0.51277107000351,0.54766583442688,0.0348947644233704,park
ACMA,6,Fair,18.5,9.25,3,0.443537493546804,0.459104031324387,0.0225326370482091,0.411674320697784,0.45983412861824,0.0481598079204559,park
ACMA,18,Poor,18,9,3,0.408324986696243,0.416732788085938,0.0278070361479083,0.370852053165436,0.437390118837357,0.0665380656719208,park
THPL,4.5,Good,16,8,2,0.28748781979084,0.28748781979084,0.0092286616563797,0.27825915813446,0.29671648144722,0.0184573233127594,park
ACPL,22.8,Fair,46,23,18,0.544648836056391,0.545822322368622,0.0135793011828119,0.50977486371994,0.562659740447998,0.0528848767280579,park
THPL,14.2,Fair,25,12.5,5,0.544722366333008,0.542234539985657,0.00821500011088335,0.532254934310913,0.555756628513336,0.0235016942024231,park
ACPL,7.1,Fair,24.5,12.25,4,0.53197805583477,0.531751781702042,0.00860274850681209,0.521764695644379,0.542643964290619,0.0208792686462402,park
THPL,37.2,Good,46.5,23.25,18,0.480454214745098,0.489713773131371,0.0390236992783211,0.392115473747253,0.533266305923462,0.141150832176208,park
